{
  "project_info": {
    "project_number": "949008406296",
    "firebase_url": "https://shop-online-3200e.firebaseio.com",
    "project_id": "shop-online-3200e",
    "storage_bucket": "shop-online-3200e.appspot.com"
  },
  "client": [
    {
      "client_info": {
        "mobilesdk_app_id": "1:949008406296:android:2fb2f830b0aaee69",
        "android_client_info": {
          "package_name": "com.lpv.markeet"
        }
      },
      "oauth_client": [
        {
          "client_id": "949008406296-ijel2vf08b9i4kbuko6a43ijnpeougap.apps.googleusercontent.com",
          "client_type": 3
        }
      ],
      "api_key": [
        {
          "current_key": "AIzaSyC1dg8uK9z5-ZJ4xiONEYqL7GqyeB7ETCA"
        }
      ],
      "services": {
        "analytics_service": {
          "status": 1
        },
        "appinvite_service": {
          "status": 1,
          "other_platform_oauth_client": []
        },
        "ads_service": {
          "status": 2
        }
      }
    }
  ],
  "configuration_version": "1"
}